nitrogen,phosphorus,potassium,ph,moisture,temperature
102,112,2,7.593434375961024,39.23340450829124,17.453748186041633
179,82,84,6.854970330242466,16.682529070525902,5.429927176010038
92,41,281,7.901562063909219,32.192959421065055,19.350064450116676
14,100,116,8.469421293567716,32.53881419431819,5.630633201786514
106,5,220,7.870044201917747,57.92489178338701,29.588286591973997
71,25,153,7.4320883078658575,31.554343131164472,29.745613024613107
188,63,152,6.863724448030013,37.46713224513788,28.632265649071094
20,58,11,6.570985750861479,36.66256996395512,13.500922066733546
102,108,132,5.295373331905898,41.83808585221636,30.117116546654543
121,120,292,6.397790619381418,47.411641566594795,21.289943978158078
74,32,299,8.18547122873747,21.252093808543606,16.214243266010072
87,149,227,7.828079204672935,36.43622095492179,23.75989879112699
116,20,270,5.756179777540905,51.295885365801524,5.37023138181122
99,69,42,6.633127246440256,33.15573569187558,9.288826328022566
103,111,20,7.858531208954906,23.92287731867865,27.268806145107884
151,3,106,5.235845941749329,42.73545376781495,12.32484826148459
130,93,116,6.355874049840308,51.18836978995615,22.940273519862487
149,74,123,7.981444329058817,13.157014646369566,16.55307808469089
52,61,280,6.413642524595433,48.83952417036136,30.644173363977842
1,93,291,5.271651256560043,51.08239664808856,33.57245917989931
87,94,202,6.89887028986288,33.07614637943034,31.50694185110571
157,54,50,8.016098732214033,59.16528284092337,13.1185998408079
37,136,270,7.065999400336059,49.33541703536545,10.824886071382469
129,130,276,5.791976878749812,48.68312824478329,19.23304680862205
191,30,140,6.344838670480835,47.39192872060359,5.2200245250854085
187,39,274,6.575431764136763,17.530405160913702,5.774281785895452
20,35,289,7.027432238371844,20.86154432265054,21.59871918869
160,5,51,7.657728590134146,33.19950657322125,20.61348212495858
57,65,26,5.346057661742224,23.20021749797329,34.8374596710578
21,74,156,8.113782115561483,30.76204861670202,11.055255060912742
88,3,238,5.043083960556265,54.42320549614603,12.743117874814054
48,78,155,6.295183171359893,51.21634459396346,8.4062192697886
58,133,290,5.095971084904302,41.50199392399911,32.52629028961234
169,117,135,6.375409788708519,52.90601971255518,28.33433733375352
187,112,143,6.840344096056633,49.18861945086246,29.670173343705425
14,93,105,6.7908848530352905,31.449246592044524,32.08291363893527
189,61,157,5.579699214598929,20.053257602497254,20.746999601775148
189,78,145,7.260091785334643,35.71005200046696,18.53579574352171
174,135,1,5.156724576766338,46.8114441264275,14.911744209968495
189,25,76,7.666673870463454,31.820979936479652,22.676438430435663
50,43,131,8.313255518977412,43.33859548919486,18.628351903694675
107,132,89,6.189190895028913,14.71637131455218,18.546967598167253
54,69,262,6.810337836000162,47.40023681857017,33.10783591193417
63,117,107,6.326185973205851,50.6356809946531,34.520945428373906
130,67,73,5.02348636606421,45.34189278902706,28.89453167988742
50,18,38,6.350560760132906,58.36317937631828,27.70274270740785
134,19,158,7.771020907414712,51.33260287303202,25.416744853373043
20,112,70,7.085960947642186,55.154686393826914,9.98224557000541
72,139,240,5.354409701153056,56.6785541728824,6.773174626269636
166,46,297,7.9649882139282475,50.067399593690425,25.721789453397893
17,0,35,6.85879870709835,43.71294210032495,26.86358666769728
131,89,83,7.946031766106366,10.285929068039465,6.409189732944194
88,141,262,7.0307753157476025,33.29128766115623,32.84155250686544
59,63,171,6.95890955693279,38.558114931118055,7.734219183340326
13,37,172,5.368407148189544,25.20151362239998,13.577016013136072
8,36,46,5.585759065985198,25.905222345173605,25.171694383961135
89,125,140,8.40208839773807,58.05797078550826,10.09617783213429
52,138,117,5.7997036136416975,54.58554326013729,6.662476653267333
129,99,276,8.421082412966287,52.45895027508521,14.934394674924494
83,76,213,6.861694472834921,30.30059008530553,27.979147245655373
91,2,219,5.47526166472378,10.684927520445727,17.41036036955781
110,133,25,5.347557709637925,14.011112322785703,24.58918765723818
187,9,8,5.73102424747009,25.609818410880184,22.3885729168441
198,4,270,8.239730655088675,10.787145649783849,5.666554460767412
171,137,9,6.4495257851487935,10.857489095759906,34.6561996113712
7,129,120,6.3840199379752,55.83016508212055,6.242842664581633
174,12,124,6.096221913745609,45.307925105952705,34.034082129454546
34,129,169,5.514716476983059,25.447799503407634,21.495925350931945
80,83,71,6.707479190173423,16.63222888004766,33.894770811952
163,64,151,5.455167238788985,35.58178589475386,8.442607982415064
49,62,207,7.924180827338146,10.267308042718224,19.712255575565397
103,100,48,6.296389451963573,56.9206871929072,10.08512275598176
131,72,153,6.3118124872362875,30.74075596944736,6.5292463106732725
1,16,292,6.659022499691046,30.116747761866637,23.525873451869348
133,8,67,6.554446996080131,29.529680379089108,11.233502628850744
53,142,49,8.482002905707626,13.466416519388238,22.630910548626378
105,37,151,6.908833924264059,41.91611198959133,8.37093445846957
3,93,18,5.308705963264547,46.65018098141767,14.959594142981082
53,94,99,7.124070695519254,43.806269879414515,28.448976741597416
190,48,59,5.53054502504458,16.921774666469716,18.11154565526563
145,68,166,5.1082817565596965,38.94200840177963,23.83236244692009
43,61,201,8.397597537870368,38.474224208612696,24.423738222366378
161,77,145,7.707386120370973,53.4205393970691,30.31265131961881
189,116,163,8.430381473448184,28.95638291878235,14.74768383219924
13,119,241,6.672574568077849,28.574297182971712,25.618866877475526
94,136,68,6.862901359021416,40.92635293590928,33.84847421138497
47,75,174,5.589179345716956,41.653632674975654,26.907300030736042
14,34,48,5.864175993336549,33.46426136628952,19.696114301532337
199,0,107,7.9349222521598985,32.15296811652105,23.92152333475788
189,39,225,6.246649764911579,34.70738353189414,27.190486932893243
39,63,160,7.893852408287467,53.05226497516559,23.36827297081617
81,149,118,7.481548035004611,33.0583450626955,5.500274404695174
110,59,148,5.620098238451529,56.99658959849112,10.843204930616775
52,63,149,6.776062281419097,35.2001881798163,29.314046516463982
23,92,292,7.370855625315508,57.46003465904457,13.17951941937454
153,71,142,5.822630251813388,51.64159509345379,26.946863586834017
187,10,159,7.907409786820269,28.121566130791457,16.16360645725096
123,104,10,6.906896801408154,53.1820710648308,20.656529844738294
40,13,137,5.578347176549111,15.503164210055761,7.039198994582111
156,59,77,7.040445491576109,56.252358767150724,10.436766831491287
14,29,76,8.498998314545698,41.582175754144586,33.71590890557704
44,34,253,5.526825220821948,12.71953742611556,31.704141603407418
64,4,257,7.8586492554183485,42.21283618254058,24.568253326971508
88,82,290,5.725581511156453,58.71238270723781,18.78933792157212
70,122,262,7.738359153110306,13.490032730731446,25.272838786856713
8,77,84,7.5710227309249465,37.73438548900431,23.55830867281817
87,61,145,6.051712849601513,47.389717487968625,22.056567668138364
128,131,41,6.1403809114755745,50.51292933497657,6.775312155906255
135,88,124,7.773824871870217,30.691373266039793,23.984078319845207
62,41,166,6.615059291605594,20.20832795841215,28.067601337135052
138,88,240,7.55786310049133,12.117113938619191,34.822449639367264
80,145,279,5.517944515780422,38.98630785486124,5.33235657782929
135,39,187,7.983952236655437,32.64555351338054,26.9052035993203
162,71,18,7.488096508388117,57.43721975748555,22.153679478079415
162,38,67,8.17429983092192,13.03024538574549,18.021565282428703
32,103,217,5.463303326622404,44.269767172300284,8.827105237141126
122,13,101,7.075550751262092,11.248311106002859,17.272554459046287
4,31,41,7.096922047641138,18.571708835527136,15.63131548958406
40,124,287,6.237112591913739,32.67894999614171,14.084896669362266
27,96,166,6.604632485992402,32.743622140143415,26.92638869966623
134,22,108,5.132935471514487,44.2850271466822,26.021765638527913
71,62,35,7.6105101351945414,55.51065174338783,22.670602729427348
11,142,231,6.922628677911109,41.95160794574604,33.15994439880117
161,144,228,5.202093681542109,57.67675489257544,15.495631525425633
32,52,163,7.382645625361699,54.08078199389988,12.314058131305387
47,103,72,6.633737270309158,39.224989776539516,24.677099392951988
150,103,135,5.1206144079875,51.68959754594137,10.964421828122088
61,38,69,8.393627043968333,42.1288805161817,14.450315215502737
36,133,195,8.321892500813043,13.927891546186357,11.738073202246545
98,66,268,6.795158456515192,47.028236162975496,7.074607031555037
171,134,48,5.327853472470686,14.745422063367311,29.8249622490702
103,41,129,7.641174275595072,39.70413902848562,12.636216287649836
34,14,4,6.721758850370051,45.132010292911446,19.19082510029062
192,110,26,6.05856617401283,13.326380410542761,6.299458197629359
100,32,159,6.719963621349949,21.53973269632659,25.98018398757929
174,37,148,6.828554508919126,55.78361161308249,14.916830069188725
130,96,263,6.969490946578187,40.81572461164482,27.3421018348763
0,32,229,6.544282997793642,22.31430094052658,17.372091814035983
4,85,199,7.1201435609866985,44.53398855740033,10.872668192168739
141,65,49,8.215571487122322,39.83882099808448,20.395252468461077
102,9,66,6.267938304845069,35.07878499589742,8.915136789123194
26,4,299,7.540007621269822,58.80934874940419,18.21617479618984
136,122,57,8.130583948884812,44.172688870375445,14.519164322614596
14,73,258,6.595927465159779,28.772055483395633,32.358787525988994
89,96,129,6.552095427336664,50.0036716038434,6.827861651621598
41,117,214,7.107409448741729,54.22916464605939,25.82052242317226
123,37,171,7.069923657978708,16.26102797584157,10.482534979623077
178,140,257,7.823062698141969,20.027648892263322,14.571352229967195
62,46,101,6.667691843224024,20.811350456388986,17.46542189186198
95,108,208,8.486430323738045,44.56059046932702,32.240452681249224
51,14,290,5.208150491035482,40.151977752664166,12.277347982214755
95,135,285,5.011087470032456,40.949578234929405,7.739264076340106
131,4,115,7.240694090458684,57.03866498447505,14.560688119715708
150,46,263,6.044522193266569,48.7955766403653,8.140279116066
142,67,149,5.841338360448193,16.396846225589158,8.857894578816575
170,75,299,6.091646780014981,27.37535412125905,22.2155179392508
28,129,35,5.89616647786734,31.76968230878678,6.8270579929848
35,94,286,5.1077651738115675,29.798079437380245,5.9279264418069815
12,114,207,8.40036564836706,43.46543045809396,26.432423044114934
159,35,105,5.772609209584736,54.594655162828126,15.849412845231335
70,25,157,7.569104169062572,25.3025731761394,8.761260477016197
186,42,120,7.669087381429613,37.59385682105928,12.608383125791248
85,26,54,8.252400893025303,49.47047109567928,24.26259522057197
27,68,11,5.10692309982683,30.810902942267468,13.266097014225535
65,147,144,8.052169184564526,18.405906419964793,19.835633753612235
169,10,135,6.8452916329393005,33.74754826318741,8.650859201800168
44,73,2,7.213904384880397,12.761126037151424,22.64280912816341
61,103,143,7.255645969923618,57.11917270011384,14.482330515297923
184,37,29,7.869292317446547,13.741060259748652,23.809053035861496
133,133,236,6.166925627556887,31.92283576252891,29.251846469120686
27,22,278,7.565679164509977,36.494063054426306,23.349392581699774
27,46,114,6.85002338402769,59.26519161436428,13.87242687785062
107,89,103,7.776879050068717,18.30109118214304,12.672311046449012
43,45,117,8.466911114695467,15.721575930617927,14.82262876200344
83,106,4,5.7022785609131645,10.435307353127179,9.938615397095145
29,139,247,8.481270245459992,17.778571843465116,10.435155525500601
189,140,120,5.314342539989709,20.363648953383382,28.720733057005038
74,103,285,5.008111417666848,41.529047079154616,16.541977295223347
127,110,148,5.154566776622409,20.98533951957002,18.079855417117574
91,103,83,6.196238416578666,11.02604073646626,22.821483967004333
189,59,230,7.21517215737452,51.330917275124435,22.689604854546428
128,99,287,5.241603393107473,28.27978505019834,7.021306145657772
120,67,160,5.019830350853486,27.684834329036697,29.946223590129968
26,132,271,8.279818599605782,25.123951458396327,10.319796596718183
189,119,37,7.876743225789754,58.768663857321044,26.692149081490065
120,36,225,7.832141098986609,18.505770865464072,28.180129643845
115,71,141,8.09548496425692,54.91190319766176,26.44698602273941
2,126,291,7.450119954702366,48.840166606994394,22.369329396624355
102,105,150,5.365414454118285,13.823997774965655,5.438269913266486
197,91,113,6.396850658258031,59.33645507504244,15.81126477089512
199,30,236,7.531023202626203,23.568298176950528,23.145182880877435
154,121,65,5.981170612770323,14.929146351120616,16.62353887767616
136,136,257,7.405922274476831,51.46571170628797,30.90439684738439
61,50,248,5.085744568936783,45.33377668388499,14.264068260488461
164,28,179,6.071480693078576,40.86094029389504,13.806043773759813
50,39,189,6.921956176970104,17.799043184946658,12.97993079277974
171,40,153,7.212314403271848,33.9248058127981,14.983426068823865
151,10,195,7.019642325616688,49.02780134436069,21.722148929425614
58,0,261,7.4421469662570034,25.18119690719201,26.210458828177725
117,45,142,5.021310618839436,25.584491425752073,24.877037532163552
159,100,100,5.353294199921325,10.157045302406106,29.231534599444387
95,148,243,8.041304882977007,18.712170082268976,31.577419864922746
179,89,11,7.386120254315564,53.770281256091714,29.48237127030054
112,109,238,5.395260749401039,32.087324581885355,5.568362101230637
61,56,48,7.9472605308950275,59.2117249617217,27.077538606559663
185,0,41,5.847809262385984,29.78539817868963,11.251987208549949
51,62,165,6.673909594683282,45.75932273901206,8.98784128123948
11,54,81,5.508187795096311,24.095952145236456,24.154663543974067
38,114,290,7.485385197475973,28.190482057046676,14.592295862230847
129,142,157,7.333990473549937,19.536299379544733,6.713514901113298
130,148,215,5.738893649081477,27.35311842496975,9.12889203195084
112,52,157,8.021902683999507,37.36187602103216,5.027882506098832
100,136,133,6.4045710847689925,59.58864404896247,32.09670882034122
112,56,66,6.023802818747596,43.21008565358928,5.738539515237157
183,116,6,5.533153563125874,19.9622977204157,11.283673085285333
80,34,13,5.931588043804381,12.248072079577558,17.48788342063722
186,62,72,5.07709422428336,16.31782406572553,15.697139778524573
112,24,162,7.041401223596404,38.12776006365237,32.351776307383275
1,89,65,7.9478076122038175,48.25801644083832,6.208668372036263
129,74,129,6.921431573045746,57.02096036503735,20.366441230311548
53,37,205,5.767458866733565,10.79115859984104,25.414383875731218
86,129,275,5.117842123748554,36.138007078093494,32.95093921043507
128,134,255,5.75119825640581,33.54336781115884,23.61113756371163
146,90,265,6.456424998248823,42.8027510987852,29.112657080352882
125,16,24,7.658640000449288,37.978942723267096,7.5117481353604525
129,127,280,5.657449983882209,44.35195752912403,16.57818532810782
52,107,252,7.519270086741401,42.904129237459514,16.218414034372024
171,24,288,8.034267139231593,15.850586242897311,31.58864649367153
159,87,163,6.58881396837925,49.98589568093598,9.541135137898248
197,28,94,7.875011970749076,16.16162878581624,9.556585170098908
159,62,269,6.941300718122834,44.926531260456855,14.856744496573954
67,149,109,7.2298179297831675,30.807268382030337,6.633981421005127
182,113,237,6.841974611183709,35.69253672882989,10.473741219574702
183,48,24,6.621104508629696,55.164900718785525,33.95628915637205
122,80,140,5.821287046215472,54.49418632367433,17.845518196015185
144,83,116,6.061179208113661,50.89281528275148,23.960576252673093
37,104,24,6.014895416302632,35.507419022816165,26.783337780339107
23,147,78,6.971511258338351,46.81199050669166,16.008842210216017
68,117,67,5.419837925583614,35.644852775940464,9.41681223231551
115,85,172,8.208770917458173,53.480304123738875,11.197430486653424
97,62,11,7.522293008490896,30.138791661644994,14.397994297418311
197,103,287,6.405059708196178,58.51176722074384,24.08205261056677
138,48,127,5.555184505842323,56.61613791144388,16.94841647267163
143,70,95,8.086972594025726,47.080130972589274,5.204440937003843
96,0,91,7.883223315354078,23.9707942088036,20.702215552024157
123,140,140,7.526025434510128,16.58267943966292,32.64540175722254
186,122,30,5.950414665939348,52.73517250465987,29.36232833026037
69,61,19,6.408563231017841,18.265114306898063,29.756341137788933
92,31,145,5.359618883583482,52.713039449866784,28.851740528183935
2,28,159,5.6616383365463605,34.538250335618024,14.71192476831271
147,48,42,7.740558230608565,30.32783919040521,27.95581501263176
186,29,253,7.502635515977394,55.15953894172146,9.29484073433579
163,143,129,7.077200170415772,40.19254912701389,24.731484418278605
146,18,59,8.135043540741606,38.83070035648589,24.24705700054983
89,17,150,7.041432812345659,37.938297231219885,5.76709397269204
194,0,286,6.634387999872637,28.55847580097657,28.639104007727948
146,77,4,6.191297612070169,49.282155176456364,32.09744315285391
147,114,265,8.291569770076604,22.63992220078865,13.02245835416323
95,112,129,5.289504115335237,56.944748002063754,29.371721725584525
198,113,266,8.25810580221283,54.69926025234804,7.472179155858446
51,62,177,7.893501309758564,26.874016283744908,22.999035747831982
160,131,252,5.454754735874954,46.47318849158319,19.569405960028313
167,128,55,6.977445251863387,38.661159722479574,21.37770599927
127,7,82,8.032917936121803,26.88246509996173,32.78615605653035
38,54,98,7.001332072625038,59.42608239977233,31.139457417405605
81,102,148,8.175199375462178,11.26186729241321,28.552509717192713
103,130,155,8.30044335885615,22.632301531064332,13.210953730351129
128,31,189,6.478345827645071,36.00370305555752,32.35455886058275
10,9,262,6.320597814922133,36.097650173928194,7.925230773916257
184,109,79,8.27712403889205,39.446653747278205,30.599876496763635
177,123,251,7.362990214023839,47.58380860114596,14.844802170608233
150,86,96,5.406079384718592,41.17389152596482,6.6131693498595014
158,54,259,5.148021122279384,40.014073026401846,25.08070952722245
41,31,259,6.976201678490421,12.675723145652164,11.938397849478664
98,134,102,8.255598379034486,28.826514389464915,12.307133775938958
6,92,39,7.954870458420364,21.6027869850578,14.181414986863144
143,7,272,7.365467112625177,23.268505580098772,6.910543025075501
89,64,100,5.486905471118806,37.71687371701724,10.313814325947622
111,56,220,5.889809843120434,19.97526574648042,5.154188827566809
59,66,123,8.064289292934156,24.697455050844876,18.362285633173606
112,71,230,5.6398253282991515,21.854235425867003,7.527661322539139
1,53,177,5.974537928876521,57.42514716090974,25.47957815132597
128,66,62,5.453602279184047,57.23328660855476,12.068685535749452
47,50,115,7.366378809950438,40.497077929802586,33.307224321055315
139,96,190,8.303938068771235,56.226123436594996,31.137548821959577
196,91,61,5.941388110583851,49.29063227341866,13.683226849046248
36,7,255,6.6639231274752575,39.497394140090435,28.496463639700362
159,34,6,7.2201890889892155,10.321760574839786,29.097347139944187
8,95,154,8.498131868754708,48.6258143039702,34.59689342343231
98,87,91,5.366828227491502,45.124417079423445,22.93519960537055
146,77,13,6.744997798269982,40.7626826641207,7.458972039309866
47,31,228,6.347920419658751,48.02121558412359,24.405116867791428
130,119,85,8.030370578278243,35.646108238738286,23.749392451281057
147,45,132,6.665887058540796,45.20416356606695,24.150517322612952
151,143,182,5.388421336048018,56.758604336324666,14.214369443126346
53,141,61,7.220484508503043,28.790250792304313,30.79038755240999
119,54,218,7.697732163923579,45.40609174503127,33.78416548866235
160,6,245,5.010084380829651,33.78439090054793,11.531375389344547
151,73,229,8.006348398972204,43.719982590699075,7.644564744099334
115,6,78,5.651080500019829,48.14466677771821,10.836050995054523
74,84,148,6.932242776286822,12.272625021789798,29.616564177671563
112,146,137,6.4552912524060755,42.330022197433095,25.299339044595424
199,111,64,7.518788358136856,21.33705922034723,24.081420270173798
163,124,12,6.299065651750096,43.50162689037834,17.053794053282736
165,146,212,8.044171118385988,33.41650929669068,22.33483914534307
103,35,241,7.556737263355766,48.67763709324436,14.236223758231022
83,28,212,7.266996098720226,16.17004076027982,19.31600238253884
111,81,180,7.78684208446999,41.31611758280975,28.79189085111968
98,1,172,7.639080622249338,23.923536446377618,34.43724792366386
152,128,159,5.125785362225437,52.649099766529574,32.97466770769405
92,46,163,6.381570238456899,56.41917528181537,33.01597828538746
145,147,187,8.257825540607715,59.819914683952774,17.06671204541337
127,10,190,5.440034941472792,49.80037012136417,19.06369641520373
109,129,255,7.579837926512179,47.686703521400226,26.169061891069447
81,118,182,8.411071339673654,20.77503794337755,32.66575784153853
193,139,116,5.182695201657401,26.800352949505438,9.259827780562539
53,19,281,7.387678582193137,33.284127088113976,14.127255914815873
162,4,195,6.638539494553607,48.66905238911249,9.177405337823286
188,36,33,7.027113393811527,55.74829325389843,23.36025589878366
168,136,51,5.298694677695137,19.456955001149232,14.189029906626127
160,52,111,5.150524331534288,56.11837423350514,14.783235575377203
67,98,251,7.334033311928226,44.7812326177029,7.1274787846393775
32,85,81,7.881583004372512,40.53853653425193,15.493881854227759
141,107,231,7.737053672265386,19.992063564096973,30.87489522204756
20,23,226,6.903320047531831,12.776251640457527,11.992184356725048
47,80,232,5.349533873976624,38.423244925397,25.85562398630197
147,119,220,7.408155553426049,42.57578416644462,23.88885034815778
127,58,41,5.8466110924395105,20.539072467734414,30.90453825107346
135,127,20,8.188740459685842,37.822810291272816,8.968638429531147
134,113,41,7.933928758409968,52.82467013812868,34.32769881035129
194,114,112,7.482840384805868,51.753297272751,22.478859381210967
144,13,104,8.320960845408957,56.36775902931486,34.86422457040443
127,8,191,5.109976375289455,28.294290477844022,32.34544177597552
32,39,16,7.576701487712667,25.902478627545936,11.645518163393174
175,24,119,6.155849727677419,47.471300299040436,6.684860297099393
186,102,128,8.171230599902279,31.55562025485025,12.669172813860847
114,21,129,5.933363188316921,14.377433201389032,20.826909469982596
118,3,59,7.53699774760256,24.140056533524984,10.1478910119557
21,28,47,8.071764568777734,30.929114276574456,10.023792335539655
157,108,28,5.145798864339389,24.6258212738126,18.877806413154595
37,97,96,6.391766528572126,26.610278547366082,5.998039135080752
108,36,9,7.668081612076785,24.688795308719538,8.656642475968113
50,74,241,6.592216113276555,12.074958359153971,17.47584018223843
181,69,231,5.935384204277583,41.85473504122213,6.893897276238993
7,145,276,5.769318720881165,39.864621017673464,16.90265169366588
26,127,283,5.460313934207322,42.66917492393403,19.220187978453353
26,84,202,7.999953459496988,19.615494801681372,18.537998422193432
20,41,246,7.0137439113804465,24.782727080624262,31.075245722092617
29,99,289,5.267347307470096,40.98079634724611,20.901873651551973
96,40,263,6.339031132497224,39.98137842299607,19.0394138743413
27,33,213,6.287067777817885,35.31651546771339,17.321277361749985
110,16,199,5.6360871674831206,27.52066250050987,29.528701349134586
191,121,78,6.524276689152668,55.6465502387345,31.851698119994992
196,75,172,6.1623477788759775,26.98851211494219,30.597274075913525
60,86,68,6.196312969222639,32.78095782186258,25.206397343941724
47,116,86,7.586592952257855,43.90569154771044,9.120852379060228
146,105,100,5.781421849268187,37.151071543338205,13.306099084760367
3,85,7,7.246509855993744,27.34429881821928,6.3818919104593235
34,26,199,6.997273683583272,31.782239522825492,32.92472224970342
191,56,86,6.988323793182536,49.724040892675305,24.823955890727312
48,30,42,7.320525711496216,23.906457774330622,27.390886529397246
16,133,108,6.919337126684789,17.11276198884077,14.347152187466868
171,97,151,8.077392901962346,25.658160091488853,30.369605668320272
157,11,16,7.364530321825909,52.476710774395066,12.788098511254356
45,52,132,6.914371379799858,14.449485742817334,5.0493127133734905
116,137,147,7.904170921006758,59.58480366862259,16.29244887562082
5,144,276,7.121512977267179,37.05014494638313,22.122844428772204
98,121,231,6.0190048672481264,59.2422871983547,19.361145738965675
123,45,227,5.724832213617999,56.94982110429888,30.86228427729791
36,63,138,5.5331472498193754,32.64068571054584,8.162158578685009
23,129,210,8.148093243911356,19.924553730267455,21.614703219011766
92,53,27,7.48547401129323,18.244238828256922,20.389380494627222
45,106,50,8.280824533575123,21.999468193497876,13.441789465164891
180,50,260,7.1115213200023,45.50663202822687,29.666843377310318
94,35,260,6.656903085232194,23.647499736574392,27.58545967646619
98,114,7,5.209007711398113,27.071263480214917,26.98577561995493
187,25,137,7.350747985411104,32.43894019973074,31.285774348086683
115,28,37,7.037730659188809,55.661634021072814,26.683538018645635
190,148,110,8.465731127556674,19.469670894242306,11.955238751441794
159,10,219,5.83705572223785,10.251327630490156,26.166881349490733
160,39,222,6.8575807435039255,13.004820518908508,14.231084401695316
66,10,135,7.278350672913254,55.2383170840059,12.265239510424117
127,112,255,7.256069111598203,42.37582324216815,7.19010778698882
17,38,48,6.96452740031941,23.65203096639034,27.3208574104303
24,53,291,7.71924803614529,18.859625050559558,26.330028858494337
53,97,77,5.717434233343857,24.713336831855717,12.034984330222812
57,54,104,7.539695200960455,15.739846362564005,27.48137050172468
66,110,168,7.169071000015812,57.07664551422205,32.535226492806586
103,149,216,8.136262891281007,49.21030871826334,8.240868724747378
173,68,118,7.965180536617536,33.11955884562704,11.979099151603249
23,55,189,6.103014636963937,53.248130255760096,27.507823822619464
113,32,254,5.966830637413036,22.472910214661614,13.235200205212347
31,35,265,8.435786633483568,45.85602842360968,23.739919228511503
174,147,148,6.845428133203398,52.80662495068717,7.4349267339114355
85,80,163,8.172473373700528,27.83843558116363,18.56607437310616
150,108,139,5.573583583231688,47.873222272535884,27.172742659788593
193,72,257,7.24986620180061,24.75361746321547,25.595418291297577
126,39,268,7.834510655762052,24.94285676295154,29.452163020274206
154,16,180,8.315883373552564,15.352858927709303,31.323563798095066
129,128,159,6.180690493559582,32.00290232546993,28.195505037762747
16,60,287,7.537434094734184,46.48559532487111,25.14763228816778
103,103,287,6.885845531638667,57.011040278564245,5.951674754480934
160,41,225,5.212201241232639,40.189849596454806,21.04900020228332
136,24,10,7.4149990805813015,53.15677688678695,6.130931747445584
42,38,9,7.415337953832452,51.124732464511354,29.24203451348068
175,34,270,8.25712381696288,18.667152648764045,14.621735733798728
38,130,272,6.740593561591403,34.29087144563157,21.87288122353763
169,107,182,5.805878222486801,15.846176776269573,13.383359219567078
25,101,152,5.155973382070377,44.10765807808175,28.475004331408808
98,97,123,6.45474765340067,57.494983412303796,31.595075799257078
49,11,113,6.056708450271256,16.854472903937825,16.95927482639192
152,18,277,7.6638090710835645,46.69415654012707,30.88767180532967
151,100,212,6.239937176943663,41.611907543393045,13.012250223689971
12,43,171,8.321749187101954,39.180251850404986,21.039827692265714
59,48,287,8.368085710457244,29.506011734416962,30.762842895161118
134,16,173,7.173180065761978,27.756582387690628,14.77644027847371
56,73,112,8.25031100455209,12.262459450944393,33.62126795234258
35,56,121,7.662990205800735,20.895435412600673,8.65638505344151
172,54,31,6.914008743412942,10.758844114341345,5.548252091705187
19,46,221,5.631077773979723,39.070855279101025,32.124060577345716
64,11,118,6.60509280229844,15.292661793895443,7.059459984436167
7,61,38,6.963060621769161,53.650969701485806,34.75667587842475
143,79,267,8.023865532572536,36.15715103485826,33.54190585937319
141,82,232,6.684666817874827,44.98449545293542,9.11062730108962
114,7,17,8.141861354372848,30.542854592024824,21.127538770776976
142,148,148,7.360221426582141,38.02899045005243,10.54760892401433
91,80,148,5.47949672068785,57.132958848331526,17.844655190903595
97,117,125,8.482434792637825,14.136701981183538,6.84275387779498
65,24,237,6.845314312638694,22.696888596184806,11.717737633897686
31,88,134,6.371504037431777,48.999416345527216,15.898183891966987
190,11,150,7.306898175643343,14.936860344133294,18.159425007381643
85,142,235,5.381126598933637,13.783055195205542,34.324887746266796
50,58,223,7.22788526363674,28.07706993770193,29.235969370519438
152,108,202,6.743826001747456,14.608397923621617,27.122298329358387
185,25,255,6.423359244995041,39.25392211031016,21.111239442259226
62,46,85,8.335570074126148,21.31376254082999,30.1999328181303
189,31,149,6.828889008562186,54.78489815996862,15.179685069671333
124,9,234,5.766911178144785,49.175004042262835,26.26697338319948
149,15,21,6.606372177820545,44.98526030497381,34.813519261345164
57,144,284,8.217855916004353,40.8472013692251,14.438867268055963
57,25,268,5.6163341496570816,53.173286517073166,25.22052604651902
85,85,257,5.748849635408829,21.153103077137843,30.329445924571473
48,134,28,5.045603487149793,53.655442138211384,32.47422750052017
179,13,212,5.049665172885185,49.474614921202615,26.537980728203053
169,78,282,7.902870694354794,47.408041319384274,13.508237702514087
69,116,49,7.562429123950345,38.0627839037462,14.788464547068394
14,6,94,6.242643697581854,22.312208048530003,5.622740963718926
53,136,87,7.444089050296505,31.177395799594816,27.82657933014529
187,114,43,6.383220742084895,49.67853272694008,6.282188181858541
100,71,277,8.335138785992395,11.588924217866222,30.939570638082373
7,58,170,8.384684384991122,49.10253846318791,8.559818434236163
52,81,188,6.374778215332702,22.003537024378325,10.156295364077728
59,115,183,7.989776672193038,17.215460036080152,19.29579412496712
107,145,2,7.705811645941131,15.785065909015108,27.13641245506227
4,102,190,6.0849997801012625,11.362500597540755,9.17006615597233
102,16,117,5.812139401153871,36.179324261072644,18.202132251994954
195,13,18,6.6038212763749184,20.912993634686472,19.485538232303142
5,107,22,7.734720942150422,59.47158828898158,11.368569250057739
108,44,29,8.360587246550608,38.72183779361029,8.466751300418952
115,97,294,7.672526741033003,16.89426346780052,30.092627689569184
93,130,107,7.993224447564295,44.43812704056827,20.073969492882966
46,36,280,7.110725071596808,54.88717832548627,5.431437079524589
98,107,127,7.92392740794744,47.25897476848072,29.089439039273117
54,38,228,7.745473003011962,13.821993051972383,34.423814162437544
167,14,110,6.31944939674198,54.794209059632976,23.17778586242742
51,119,135,6.931966057422524,49.69646929299824,20.11125161252212
143,3,185,7.816635926963932,17.915195005280715,31.35247589134885
12,92,143,5.1611985696648475,12.589294436640843,33.57550369053796
113,140,71,7.828277488245405,37.865528765715425,27.636107477073814
123,15,128,5.622608434171582,17.801790566998847,18.363587892028633
105,107,260,6.801392659925036,51.7295476297636,22.766641979943213
157,125,2,7.828964038445782,27.916732833583687,26.028060950539977
146,54,103,5.888373773548432,55.644622236828766,10.828207130054043
144,33,223,5.860326037571536,38.28440860705029,18.41603096649314
119,12,9,6.4096753946178815,19.133619211983408,29.89463794151855
62,140,230,8.131249791521721,16.979943367990003,24.64176045495329
18,17,218,5.001549735030228,38.823621877887696,17.336122016355624
91,95,65,8.154840838246773,48.094180593122196,24.900876020440442
57,122,111,5.538324586245627,49.075282387109105,8.546672362173796
182,38,12,8.465302316236187,23.787870222064065,17.04492831694629
89,45,85,8.341964475634638,20.212337945608375,28.79385613889169
116,28,233,6.731363163569492,10.83781522461912,11.61526361409944
61,61,89,6.794520867344199,43.95995756005847,10.578845226722532
22,15,53,6.68542269096549,13.82841292167695,33.52455979749294
126,120,11,7.224052759808329,31.03806008829629,11.29692888758692
136,9,208,5.317525957822259,40.084108200914805,12.827557389505042
139,102,13,5.114162819195482,56.855447245983854,34.088478167130134
128,83,120,5.201960249455646,25.590106847788434,27.04125710795077
57,132,19,6.5552787223453,22.48860812232599,25.987895990705844
121,64,74,5.964417787268192,42.70800771430492,30.587791515637438
0,2,242,7.1771384682984785,40.96195160267908,8.474692467103829
33,141,222,8.473548012811726,26.60548916540623,26.178687097400214
95,119,69,6.352131105767631,56.405091775489325,20.110658279847165
125,67,210,7.008444389365797,52.24311637448164,29.874519208524195
117,145,100,6.454613635675674,21.199127293254058,20.244251559955828
47,36,185,7.965450837026507,21.957127271726158,23.607240628067363
88,72,131,8.157827412117832,35.61501734435403,19.33226379198608
116,142,110,8.07074464271841,48.67860508653602,19.344767706675324
128,48,131,8.4103028353774,12.20201896942322,28.039099341854946
15,120,19,5.096317147991454,44.66675768673533,23.856992019418495
188,87,23,7.939356567509359,42.411794869104845,23.997896048282314
191,139,226,7.631202605636826,21.57400479564941,18.508474514945775
190,36,153,5.800430432901277,44.067650662067436,20.933284890125826
68,60,292,8.347120326856347,57.00915956260413,27.37152998614362
21,123,229,5.518622748804809,12.339292248588425,29.778227573357547
92,38,201,7.3784247449686795,25.982602764603126,25.896842064321383
194,62,37,5.787115758855694,31.908835833317763,32.72218966537049
75,45,259,6.5098322707092615,54.96301794623448,29.609722644416028
153,87,187,7.517059639305991,58.11307233045783,21.855913694285555
143,10,56,6.971636247115663,32.20576232481662,25.142182179312105
178,61,19,6.496256409648391,47.50142060710956,32.78924830763588
85,76,272,6.1421845082619555,36.58305118822415,23.57504132729175
184,51,118,7.9388087949807655,36.88914673706883,29.74420843939492
28,3,70,5.503350226101848,23.90497575331782,25.66431510769961
68,58,3,6.5053600678543,20.847812293193975,21.558090831813995
46,71,220,8.163151501212997,24.40026729620206,12.255145862460594
93,147,13,7.960473426609887,37.81640036285397,17.779925584052844
189,92,2,6.403296168655663,11.45775930110445,34.03228474501147
196,62,215,7.670879272604579,55.36244721782029,24.732961498178
143,53,228,7.881062907481008,17.814185477488813,21.931861410169688
175,116,185,8.111105984012704,21.004433843569327,32.98869876584682
84,109,54,6.905770191672298,35.91380882238232,22.595353431123463
38,73,253,5.715613101191491,45.50573831686397,20.782475552522087
99,106,23,5.893581767763761,14.786452737219864,27.779325654506156
32,56,161,6.034931359145615,25.88473487735811,26.379968569596333
100,2,157,7.078308682833654,58.43373027871786,10.794800252252982
22,119,81,5.114833684450129,23.117148339047283,19.139248237223633
9,5,158,7.226148640729889,25.652507253157346,19.175463284587558
68,4,187,6.275239834498812,51.824924530901676,16.346735457300344
99,4,59,6.033346308713748,12.510721584522763,20.518804464567594
33,53,210,8.078237997548442,33.23065844044854,17.393221931814328
179,46,151,6.610008384532796,28.98083822258351,10.980364684135495
137,8,108,5.332685659364425,25.829337995432557,17.37099461824043
146,98,75,7.893613688091865,24.284979702238225,7.1683084271952975
185,19,29,5.166744401027773,14.56870524302046,22.273575883232347
95,121,116,7.543622284588688,25.741291467582442,30.609636468233358
0,60,191,7.708671776197328,12.15262013578343,26.758612530636658
68,122,18,6.234109120751004,49.048193182221766,15.811821201623337
3,81,172,7.886757496972253,29.91138969790058,7.612136167319246
15,61,227,6.804807920497587,32.19519161599558,11.064481976758122
23,144,182,6.621527786454789,54.67972932250658,21.364710214845072
79,2,112,5.158911485140424,42.902749193061034,11.211712501490986
1,12,182,6.015102177771171,10.40295516710599,21.319193338549024
127,119,145,8.25853489809855,57.15874114806425,11.947970742916969
159,124,115,6.37138387149225,21.85722329888556,30.467716084282184
83,88,112,6.913451821948689,15.380709237992942,16.91814418521379
151,72,250,6.862075876444881,48.40640891904411,12.366518778334733
139,67,250,7.066508814379427,35.02386579333591,29.369785407411847
177,141,117,5.21465834475149,31.688528300900877,15.285168944163521
162,100,160,6.267616891795549,22.475153984137087,8.344630635163458
123,97,197,7.53094895858894,37.37357449311593,22.11228474210925
32,10,259,5.7019608787554406,23.719230260129372,22.446926133139662
160,104,147,5.712524321412261,55.07915026435338,26.440870257072024
188,66,239,5.035317123411587,20.76022398665964,12.206582996251568
178,122,46,6.531186743128734,54.21775752278768,18.313140172767355
170,28,197,8.089570332356978,37.97027128636785,13.471037571279687
100,136,46,5.181653302555581,51.42440669476205,7.428612083470644
11,75,77,5.66891548323601,45.64229979304775,31.29841481047675
66,8,123,6.085295884199643,44.83475557183743,26.866094134650236
64,39,74,7.561036577974745,26.217290384752786,14.043891783764021
160,24,136,7.242224574809053,21.694846573610175,22.98118978615959
167,4,89,6.455803666036493,20.544311384039407,11.037913644034173
73,138,60,7.656741287404315,52.859582852979436,31.70709865387313
42,123,137,7.133708540799157,51.021341012951,8.447190300857308
43,37,49,8.136142798800266,32.02867640061537,5.115114365234027
28,71,258,7.863093621985426,16.62023067482273,20.060245932175462
140,132,106,5.884847621312202,29.112612598872918,22.493834703586078
11,89,112,5.9500350217197004,40.967172706845574,22.368959608874132
94,145,253,5.4387476652733495,32.720157723997644,6.635357823134789
45,36,117,6.179376540011098,49.00946342414975,14.421314207552975
129,59,197,8.49840371551683,59.881141112569274,19.975968405239954
34,27,50,6.420129090152713,19.556604422444842,11.497375568817226
80,80,244,5.771709521411872,32.98254098297862,31.178776564576893
89,113,34,7.668690095664436,31.549195096041103,7.613278683843021
7,39,68,6.898648512119296,25.224626637447543,19.621533250161285
92,44,48,5.523605073344334,19.90477583601448,25.742481725394562
153,61,73,6.33241388406303,13.284605824482961,12.852533004034473
89,92,191,6.450644004387701,54.35596586118492,23.727222109925545
161,114,260,7.638403951992265,30.99243488431588,29.881554504271236
114,66,69,5.072349791121666,34.844775925002445,10.710109252851426
104,55,89,5.941568763794087,55.84710241004579,32.51661775474588
134,39,259,6.811587054604328,48.81452387579739,21.60675597987074
195,97,125,5.940963598584951,16.52506320585921,13.976960129031816
57,39,230,7.199519165966496,38.27099838038712,17.925748261468122
113,90,294,6.686536177461158,32.11261382597796,14.365756513591638
74,32,128,6.2659858920085325,49.86055362893814,26.753334797999482
156,5,279,8.322230194046792,46.21162738059746,28.889019902453967
119,146,99,7.212558247152601,44.5202860955536,29.988121769559832
163,79,296,5.454794802937794,27.027241773994845,34.57304748757224
20,91,181,6.960320941051885,50.24818651996272,28.738528774900505
163,96,173,7.732561486203153,12.619564779743062,23.0415221206569
137,58,187,7.479713941224791,17.981245071608363,15.176608951753515
100,58,56,5.602312302533408,26.781163648895586,21.33786346132248
151,47,30,8.40346999664036,13.840372053464064,6.232045183712163
191,12,83,6.570847760113121,21.74971387673458,27.34475226589739
176,106,151,5.556587513090914,51.50754914989591,18.378666352763055
98,44,35,5.630685139448518,57.41257688950397,5.600696891965629
35,88,212,5.343822472661782,25.230117788709524,6.875208245312324
95,99,105,7.81231337952227,23.22579019944191,16.6239939146527
151,6,219,5.427106730126471,23.994632612321347,22.502645570553053
150,132,162,5.437938399996114,23.88595436754219,18.9261184685638
189,44,219,7.976650651662932,11.79650910929865,23.576129518764645
36,57,269,6.206114295566459,56.345817316555404,19.408827763740675
11,30,119,5.108002665078254,20.68490707851642,24.851115364440403
112,22,181,5.181633548314438,31.00020370407025,11.573781940124025
182,137,105,5.497596563463635,10.484344137048387,8.385295615508642
12,106,216,5.746876717914914,52.89775454575286,22.8930186387698
22,38,204,7.328011679834419,46.55786722274586,19.540685508089226
98,81,69,5.550641980006398,57.33780175868516,5.806029621348059
104,99,43,5.4160603691197515,49.08077395981995,16.414456564791074
29,1,227,7.676516995166978,25.685325602603264,8.183767564729864
16,76,183,7.348693493509701,22.39366793642118,20.94070495258086
112,11,106,6.523634775093327,44.88581537766465,16.87333038981292
61,38,83,6.9225842001803635,28.205638750524972,23.39455733309054
83,12,249,6.091944071142464,38.31075078763082,29.16806656310715
111,45,20,6.688751470823762,10.312873551323511,13.990060515244725
85,112,195,6.77335427143961,13.094285084023763,33.86306312495083
140,16,177,6.355330449123336,36.76839705908256,21.069035017627233
186,103,6,8.173002737352569,38.30358232240825,23.54872396264364
18,97,69,5.056216527433522,47.572647222967184,25.42017119677211
176,87,126,7.737599420819361,16.598265981198086,25.001945895727694
99,108,159,5.435339909344635,35.659154187838936,20.32912229135186
139,69,247,7.791415761880198,19.722382221584432,17.862928733440505
188,73,202,7.1556917048685245,14.659805978134735,6.613458925321337
146,62,147,7.951473318277408,30.52478970302773,5.662575359035392
75,59,142,5.341300139743141,18.16683240445286,15.73883583598294
8,78,198,6.956432219349209,21.089098909615927,15.009826719010778
198,36,153,6.75380758091769,25.87772899347509,16.630854645170203
27,21,141,7.4716761403717555,22.969420037159814,9.151046026645702
127,147,164,6.870016931627865,14.379564870297319,27.145048116105308
51,95,20,6.8925709849658645,14.495812242985114,30.708932443287168
82,67,81,6.503585802516226,19.66247076170841,33.161439061221046
110,16,68,6.080920484025693,12.527959397976947,19.770869105588776
143,11,130,6.687925264382672,41.32285098384636,26.02597097376286
116,149,86,5.4147232556894025,24.3663358254451,30.666533703076173
68,144,217,8.365296686440796,23.987298388453553,17.548733332804577
98,137,160,7.500437672693094,26.599914711888257,14.282383846113332
139,117,177,8.333634908407465,43.13981371048608,33.101736675604705
24,21,116,5.793545838154872,53.531694074174524,20.470296532312194
179,119,195,8.077693570617848,47.95434662778192,19.91761659772634
122,49,85,7.830764945972385,46.376461511254746,10.352482896904874
52,13,288,7.370033443601858,34.21955928004246,8.244650437200702
150,28,80,7.18760215129822,44.690277848370584,30.26320587450535
143,124,151,6.107923828437545,37.63811840167916,23.42399528562554
56,6,60,7.857437747377608,20.812526409326445,14.77473752058346
38,28,60,6.755304115179069,20.429418387052536,10.752086521707994
108,138,27,5.248120515619499,24.819600343764172,21.66491840508894
180,32,42,6.095021062992955,55.540133548490665,22.51757867783406
41,133,168,8.273539844908647,37.37074201898629,11.209808037351745
185,110,85,7.977380912116962,46.69526885009347,30.542172436744217
166,78,176,8.436669943267887,27.32793799082738,7.527930984675533
141,57,16,7.197976839114343,30.385788533261263,15.68279255499265
121,25,97,5.866285255991442,16.27827893186257,25.411532412875665
132,28,197,5.569852673869024,18.56474789108352,13.223610914576021
162,3,97,5.654200542129615,51.36782774130728,29.830255843438156
74,98,64,5.06928480421539,39.2419315844441,27.196034798012107
145,140,4,6.367387388450787,26.876623294190946,28.670685336444027
75,38,1,5.669996881748399,50.1425604497773,8.573196076301489
8,14,21,6.440794111598459,22.32599528189915,9.216413839866288
73,118,111,8.27248051143568,58.80163493001019,13.594212132337509
185,28,56,6.506890733275165,27.240880387308486,20.542314955926834
144,74,65,8.072945739446922,26.86554770756138,27.440482300982072
6,115,97,7.119266683155567,25.59559527683526,30.095926722827105
173,31,143,5.864960441314872,16.105575796214396,26.130059478715413
140,129,124,6.24549165740724,15.556857366600621,32.857906445919156
167,83,166,5.293718375375003,42.40525172670617,27.16230528847791
169,21,85,6.167119077586037,53.75590222790235,14.188036610138441
136,26,75,7.37139330926237,49.526025513583676,12.952438530157178
177,80,293,5.252388825253023,17.055379701067555,25.885773509032695
26,125,58,5.718904929673103,37.27910608960332,10.78611706068843
121,91,137,6.33504364494659,15.279577298831999,7.781444324308096
193,20,98,8.437173379555869,12.264732180653873,20.966686245685818
4,46,191,7.747016380356081,42.81929296923836,29.649247093368658
28,100,242,7.567203612722364,36.75761668401752,8.041395274095906
164,83,48,5.4066683478390605,14.101184260573543,28.756739713871877
165,5,31,7.73348562765247,11.746962320299422,29.347160130546442
82,146,276,7.748440840306053,59.48782067046673,19.468220002446305
135,130,19,7.103859434685149,11.501066607453595,6.719309300314604
108,0,153,8.4662662369943,32.22641265250798,10.237695537415592
64,57,67,6.138388670735932,35.230951230384775,26.22278825485797
85,123,213,8.294453568846482,15.864007390022252,26.353338349728485
144,14,142,8.201558902347763,18.453088921985813,31.95065825502996
70,63,231,5.040182309122822,27.590250320517626,22.480584396637486
44,24,212,6.575407842661839,48.08379381068313,8.723221031413322
131,23,78,8.419864815680507,35.354121203013335,8.642447165149164
35,11,213,5.360924768428266,41.895093727648074,26.63397072070471
69,17,115,6.917246430341618,59.25872775453374,10.513539953237034
158,14,91,8.426351274643864,48.400271765660484,14.851564988498161
18,26,269,6.944233984370511,31.718074907060885,19.616360207657415
188,71,167,5.664353560402546,32.32209608982744,5.742946327284536
107,59,57,7.037641305324064,40.93860385205025,12.464570810597955
181,144,283,5.715542008823414,43.26826042094522,17.236688255218404
166,92,25,6.8189649201306946,35.03554629183357,13.389089554796188
90,52,65,5.259147762693218,42.243061140749,9.091109824026976
89,7,247,7.119189342250416,11.176624720704938,26.84036773388592
18,78,253,6.8087647869485535,31.481143194842208,29.39442965503955
38,26,43,7.5905647906651215,23.946903803673838,12.724369284311745
125,49,96,7.207451649055748,16.45872226215552,28.2325848381891
194,130,41,6.923621939857648,14.977325640438757,16.566606932039413
172,92,226,7.414225972368424,40.15960828073337,20.20057372562008
140,23,261,5.503796697502808,36.180027357630586,30.680032246794585
125,59,166,7.0837588144051145,22.67920584981846,27.498610454072235
57,121,278,5.6023871098797215,33.547502938625726,29.15350553948533
147,130,88,8.239327727481584,34.61161575912041,9.105354997590705
199,147,177,5.239169366959615,19.75044902193079,7.091582775011885
60,45,196,6.506311623917776,42.60465309408253,31.802141872639613
126,14,266,7.4352911717940575,49.04596781930452,16.63502808713283
104,16,267,6.603077740838906,49.57317704447595,13.636390342090426
166,125,73,5.322333386315158,40.123491535172754,26.740887627854736
0,83,7,6.936826556443476,35.58192912595071,30.0924678973957
130,8,296,7.245711680895741,13.050357150269745,30.874688656949026
91,62,163,7.463273088466776,24.391564942580292,14.479914233756821
189,116,84,6.306409350619656,14.663572338908494,30.566371736050222
190,129,71,6.9728098986006675,58.19115804392368,6.228018331230362
112,87,54,6.577402662286196,16.754007311288035,6.489844743791567
152,71,46,7.352196135632887,17.588770492555103,23.705575855224634
55,138,237,7.042449385636865,54.47883091652461,6.893191073466387
160,63,103,6.840146768456972,57.196414173822895,14.738275055304847
165,71,209,5.87333528393387,48.291451961745494,25.18267958740772
116,20,41,5.007064812118819,10.270246183633493,15.11800688162679
133,17,267,5.609285863590003,10.067313547828185,10.387993443202877
57,63,262,5.40973114498459,28.90503848937254,13.440518655615248
43,81,258,6.571796607538314,17.169768500544627,18.727259967512953
172,109,282,7.142903527666457,10.919307107579865,19.26157566066447
159,94,113,5.745797530396828,33.20333447022523,28.49000694041606
172,31,39,8.286699835885155,57.153094870348575,27.504596882945375
60,10,219,5.0233874522836075,26.19097874512157,18.704534136684053
46,44,128,7.7030535530787,43.05703392143482,30.37002047296314
148,32,7,7.188216693356548,42.611767656622035,8.427114157741876
79,101,100,6.307441803666887,22.55400518325839,12.660600506867045
117,135,175,5.176711305443428,42.521262441193215,29.839293905067546
163,10,106,7.196203001244978,20.616698714344565,16.339821158784595
146,87,100,6.349647295029769,16.100370678844452,34.435446763815264
19,40,259,8.276934987946266,45.069164277984505,18.98759844583506
184,144,245,6.896965262114181,15.672040855195837,28.75806868891292
145,75,274,8.288780289527278,59.84546092946777,17.06921124147116
46,120,31,5.771692927156565,19.172620057511466,17.74860557187291
48,45,136,7.540040686274361,39.70709313782288,16.486494418525503
13,79,11,7.16037157297054,30.568728570629467,26.572268615324354
142,53,15,7.587928804409591,16.319321120283355,21.425536521799835
158,85,128,5.751337523903879,11.39219537887067,33.31334334105107
0,91,62,7.327480806832208,41.13661411464166,12.526709496023143
116,147,108,6.743141375699041,50.337878189456305,8.01688196250333
53,96,20,7.599887412172107,52.1007830753372,16.797844552976457
117,1,157,6.1446562545313625,34.13567365384672,23.50138122940328
2,32,268,8.115199589128384,48.87277335911928,30.82396810746485
143,76,161,5.295054601139726,43.64235667442724,15.38590660040983
184,115,259,7.825162615769158,46.21272637495666,24.613602533733847
11,149,101,8.014618690352819,34.629950261090706,15.505960430696572
73,102,222,7.860383089783874,41.67058701210635,23.516587489833743
15,102,58,6.794542379916216,50.276295678802846,31.544238410919526
199,89,246,6.5343474301076645,29.89420877785115,11.94072926778227
101,121,127,8.486918002837069,50.298945043379184,17.127249263211176
151,142,282,5.802101829249567,39.60084213945314,34.797955892892396
155,105,24,6.914065880566156,18.295051218539314,31.056710847483824
116,118,130,7.3473643388381396,11.23420786122923,21.93919573688606
7,48,195,7.4530367255150125,28.137680019957603,20.49882775562826
121,103,280,5.714086330085025,37.33481641481699,13.538011469140429
91,60,153,7.288979323189304,51.99101761017442,20.51628283080588
163,122,132,7.864293482684681,16.37428400701231,30.445444948398414
89,133,226,5.175065018873893,50.010317384178954,25.555235398333416
135,8,188,8.190324526638609,53.15045230336135,13.701320845339598
185,5,264,5.10326419300822,17.534374350041688,11.04391763160599
59,72,133,6.245898613709381,52.57971596521095,12.956256109904874
177,102,210,5.055346186815367,59.5726783921396,10.092776041784795
27,40,59,5.270008089888536,46.341941552411875,7.869220880711478
100,113,212,8.189088998130277,49.2384840912494,17.57408523326165
40,7,215,6.242012907611517,59.72076337794367,8.39898813194803
191,71,225,6.486700356487685,40.27406252629727,10.15737673181313
154,91,130,5.753705334838934,25.39431910081247,21.419740530184583
190,61,75,7.089835195653519,51.876541703802786,9.937978210987241
144,83,285,7.0818112513722635,40.724288875581564,6.916393022927085
160,61,276,6.302701371388268,39.059771186047826,14.521665500836555
156,110,155,6.165622051318895,22.681777775701914,11.609572958659026
140,126,247,8.097375078632057,47.81671347914433,20.4591556398313
45,6,217,6.341494838747705,14.083363793004812,8.07101253749628
34,83,189,6.727253472540429,56.21435353973306,27.553123630489342
133,131,162,5.991566668487257,26.29117303852424,32.18700558305416
81,133,179,7.753693261749946,16.388732639499523,27.30305521868583
114,57,33,6.391068549146821,32.11832665512094,20.984811122041826
196,21,40,6.797638662905136,12.123495462826657,30.820034653666553
46,126,74,5.886750095208815,44.231309713248315,25.847551393445226
152,2,278,8.456808573194381,55.13527552226781,5.316533673505695
193,126,175,6.02023509323303,51.86315035692544,16.822704583235094
9,40,149,7.697598858169431,16.368473672394053,30.528556982204
55,105,272,6.496234776248658,16.313556855386594,15.375765739258078
29,13,107,5.72176091779449,50.671724116213205,6.056455205765705
108,11,138,7.7990156738770136,56.2127137301558,27.38538915656817
4,86,270,6.167623761601651,33.033491491674454,29.06114810848606
118,11,288,8.02817671589234,34.9485558456883,9.817810851299257
32,140,211,8.203400147212381,25.913102069286296,21.120214905295434
117,24,271,8.009383423869465,54.7132559128207,10.758663169871774
64,44,65,5.12252770182382,42.2451452646178,26.577032571324402
145,121,247,7.75580670751787,24.412578858368427,13.14651365532457
176,146,155,6.439688132747003,24.93914355271258,14.486453676899902
10,54,46,8.058030220637788,54.56000365318012,30.349125609203043
84,99,200,7.232839919396586,10.681701195291073,19.28967056620713
25,135,147,7.917750969503855,26.13632863633192,25.092633536547435
62,118,123,6.748011194533923,37.717834060818454,17.07119152167403
85,52,0,6.872589266096265,17.41087310496623,13.940205715812663
58,31,246,5.505356712467835,14.60493770997949,23.76434181273984
26,50,127,7.743955755412744,50.763816554528,9.645727222364638
176,43,190,6.467863640834401,54.72021943242536,16.18999506700589
160,81,66,6.75028041395054,51.18032103990947,11.271111121577668
97,145,3,7.747841999334977,54.939394486867386,25.873849008222365
104,149,293,7.0959589002780366,37.655598552918576,33.32626515038323
98,36,142,5.703845546049336,50.61290604951709,34.86532904047599
128,95,190,7.065814307028125,29.202131919555022,18.50830431324772
148,55,20,6.426715002928795,43.31339307395192,12.575911689093335
54,104,226,6.643339397153519,59.44177656945822,18.284881111529725
5,58,116,5.0990894604093375,21.28638619195637,30.418082298881714
196,130,141,5.735102723306985,29.49498731455403,11.180170356561197
94,34,38,5.983633284833599,34.00236886550428,33.56286954958772
132,92,251,7.49536002750582,16.900774351002585,15.25597306394453
101,96,206,5.040223656543404,14.051930523252839,34.574109783509144
2,134,209,6.4307204143019625,51.48614331608122,30.158266626018868
180,75,114,8.234094046490064,58.83971864137931,29.25711602442171
22,48,224,5.391582157921934,30.236253191482934,14.537140213198507
52,93,133,6.807485358765138,14.382491809732663,5.2633163584378835
164,23,250,7.752828338367965,13.290588034528824,16.463987264779632
82,147,218,8.298859576320408,54.565910318014936,14.05428108988081
144,36,90,7.613718238368013,33.190712486384,6.121909712263919
84,3,45,7.5219794202554215,26.001365828119596,20.160957695177892
77,107,37,7.8927083156851685,33.823063561969974,17.090939338482098
109,125,141,6.561704273421403,25.91520473461737,24.03669403224574
0,19,99,7.820455864162415,34.451788765380996,23.635589665822497
50,49,189,5.027875416609079,52.97781984589684,8.622399076900404
172,95,34,8.235963693818817,39.615068553104784,34.308966383798676
3,104,146,6.551572783310114,44.73268864050877,10.607942883243407
189,116,29,6.936830657530116,28.23353381171683,18.358220742941135
192,97,83,5.892087871202088,46.925293925525935,19.643526303012045
112,65,280,7.598857914941475,43.330854243968616,29.391883916423602
31,78,269,5.268225322663371,15.978099887602824,7.976887882839403
33,5,153,8.054225308913924,38.632142655779234,17.859328376255952
91,38,101,7.8984089015222,22.8371748154879,23.85506510708612
94,114,214,5.756210406856683,50.20478348167964,11.454668648721666
71,124,149,7.832635393998418,31.29688542334697,23.824036962982184
38,11,82,7.752252065715185,59.734208259824356,32.70994512648958
153,130,109,7.212758092138822,14.625021896948189,34.925543935180244
161,17,274,6.307320619148906,49.01739313700793,5.973532303720272
181,39,200,5.950245639636537,43.685086677107826,12.067646847340326
117,20,283,5.811242566012725,48.37494152953527,14.309213473750923
2,142,172,6.115131369672625,25.376489774522817,16.973783013348985
122,98,205,8.162454552013855,34.602724469120034,12.267714727543023
49,25,62,5.271742715960735,49.82542598618542,11.104639836659375
11,7,72,7.901049466885356,21.627066581042747,33.636615272525
192,99,250,6.221115262646382,21.301659839432602,32.555648083115535
53,86,123,6.825597886039754,37.55254766474662,6.409775030093524
132,41,120,7.780699717769718,36.17817897649279,15.164390648145446
56,13,274,8.095317914580399,24.113123520646642,17.1544566103522
144,77,119,6.2067349702542645,24.903782526241137,12.1704360399783
111,1,163,6.6164521844628865,23.892258160328275,23.866186909645265
46,118,285,6.450806226858773,48.57560309992438,24.211422399327233
150,36,264,5.046378617263687,42.59504327812303,30.51512684985791
84,68,160,6.035800111005298,51.62085917051264,27.226078051556534
141,40,88,6.607162318063967,58.77365141570109,21.27719980897867
65,61,141,6.438827631081539,33.70821481359932,24.607603101332597
74,59,202,7.526752296304878,13.334694070272443,13.219663446290543
178,124,226,6.346812660273861,12.404615520601771,22.79168569902073
102,110,221,6.712817571397346,24.78325196358096,19.676817642497575
165,13,40,6.503630072463272,56.62722946762254,9.000334019491111
191,83,195,7.592191521130297,36.16065274854374,12.276328297489123
37,129,67,8.02040339645437,23.589325804006457,13.750803521647581
49,69,263,6.861611776526299,29.958339725550978,32.72928701157674
97,144,1,7.763012679683169,39.929755370233536,11.911599181576683
81,122,124,6.038753387069477,42.64748290689211,13.677317084590046
29,88,109,6.894793635550441,17.69597548914525,16.08062390268297
78,27,85,6.208304837844904,58.8515838272588,24.91228215876161
90,65,119,6.449703239501406,37.23861134913944,8.547151774164217
178,4,126,7.56344852684434,16.784415889613964,33.61835637481328
190,44,254,8.085818688164494,54.681762667306685,30.967136602842935
51,46,182,5.425233868807179,13.73192155397144,22.316482190268506
165,30,15,7.221237397705831,55.38677165887564,25.221136022748702
78,138,61,7.037503326522295,59.82828281444912,5.49981413732648
29,9,157,5.414452637115762,45.02158995782519,15.168343260453462
105,117,267,5.741630156540381,48.52236105369949,28.86980691984326
50,13,34,6.088508731564381,26.86514182337432,7.324489213771576
80,79,266,5.584258747861255,57.07884263669669,13.469415026321606
132,92,63,5.853053188835196,36.48569830541838,22.55890485002934
28,9,49,5.936602796015976,46.61942232987774,12.692390830968254
131,75,254,6.174858415636709,56.20538579556398,33.01933922433558
137,93,148,7.622866584804056,58.758998798775416,8.931758924128712
183,104,275,7.0016927134771025,51.66021782983372,28.921830737233357
144,0,171,8.451863351829905,25.1508753491015,20.238460757192247
73,132,200,6.451575394386149,58.32737582760412,27.50992327459868
16,19,34,7.6385277584292375,41.405976562178594,14.321459849343423
83,7,215,8.050139474817868,56.53212381759799,20.434688069361165
68,0,64,7.3764247256331466,43.80525129071759,30.70506049169529
33,56,7,6.441526591461236,25.361948092386022,19.00634297369313
5,63,75,7.637581207610135,28.501226207140796,15.791595857308089
52,117,173,5.712834982204397,37.523588855147025,21.084661587582083
193,27,46,6.146432578130463,49.5007420779941,26.520882591091006
125,120,14,6.913398392847511,25.89912756701675,18.306900364955084
42,106,146,7.013932855501519,38.986558306709604,33.166309254268185
114,48,25,5.077495164154203,27.281249678820075,13.848374721270261
110,119,92,8.307899660646031,50.788470231755355,19.26390818507361
150,43,231,7.438195449260865,33.33640468839752,27.707829780243244
182,55,20,6.7349631258116185,13.836141342644261,25.673632714872745
79,110,37,8.26594532042908,18.30262607407682,30.909231572514685
94,133,275,6.5368344783779,13.055233380981615,34.904275420433265
117,107,156,8.431524495946302,34.96514730071626,17.805749863852686
143,147,178,6.7929966503521975,15.316864867411358,8.334526393499356
7,113,131,5.400000194992928,15.706998465481606,5.912476424239039
131,77,27,7.676803403607471,57.05241300191885,26.806307184193148
103,129,259,7.376142037772442,53.63275360880277,31.22041013926147
131,36,75,7.7054535245695535,32.6043298405683,11.62137757833256
183,19,66,8.330047100539883,59.29026604251029,9.753441115697179
24,25,193,7.717712559278564,10.009326408533155,6.866152745770729
194,28,161,7.1396781077582645,40.69897281366969,29.68108765151619
95,0,256,8.000581158262943,40.8214088685935,14.34145819677753
194,118,71,7.356362537740861,32.87215279349441,17.050906782793295
154,34,86,6.4284166988907305,29.84739864671464,20.08250574828837
92,58,261,8.099669174846206,32.76915677403038,30.183597026286524
159,68,213,5.776651612745305,30.748021803984024,24.52499664684455
177,11,152,7.5012444621805345,46.52462387411497,23.45193889573434
60,19,209,8.08547209229265,16.767771748664202,10.270162998677321
121,42,60,7.5596078189615366,19.881961029556507,20.395696751294892
50,125,267,7.440463966688499,19.02591141962118,26.461430515359655
146,49,261,7.6342340292514255,23.12352925606323,34.19782649091475
20,28,217,6.627693369052255,36.262920939079166,11.042189276400567
4,38,282,8.05959738754959,15.560437366910936,5.286300592016799
91,37,135,5.712027662976319,53.4084647663252,7.259043007954093
169,83,92,5.445852456001187,24.868076565423614,16.27557395545938
60,127,108,5.999280730414791,18.126899373435393,29.616339432379615
21,125,240,6.860520888712476,43.781065479912165,5.214262453047351
148,44,141,6.786966283932683,11.904315029965964,18.70191778657521
69,51,290,7.872095651868053,40.998428243708204,14.876918460241836
0,79,236,6.41599029741406,44.90992153382499,6.574451302991827
132,123,176,6.69520549202028,20.74582656933596,18.50708860017852
11,118,140,5.046786891407884,12.098203672181715,12.642461220101566
89,7,188,6.434087327550287,28.18226794597248,15.556545030410193
45,84,48,7.267209815326197,14.929711512096823,26.16845914352879
33,128,189,5.054279157193073,15.823892483666853,20.646529517329014
176,7,135,5.983086878151854,22.713061572243227,8.7394228697844
77,95,42,5.727847257512865,24.773396231337966,33.842436212709174
44,101,89,5.146949001183559,36.49851705107103,24.07732297129215
154,4,294,6.677410314700881,43.91959427515066,27.976052769875945
72,85,244,5.636031526298548,39.638547043509234,7.376394500251124
25,33,191,7.600785388709831,17.418016864475838,6.411751383800567
46,54,105,7.96774759317172,18.604301622631322,5.583441511042436
120,118,232,6.909548139342017,53.93846248964572,10.663820833203333
55,113,264,8.435975698823995,37.91761575320568,17.432251931554852
93,144,36,6.576675000147084,53.49689164488445,33.074784002084684
106,25,40,6.796788735787205,28.577325565993718,18.711789777973287
62,135,16,8.462262138852125,40.720000371566194,13.707653161175882
47,46,276,5.810419525877671,36.18317080273054,21.8580576055899
60,112,58,8.298910788869168,25.956174491023127,8.358037344043677
80,75,182,5.1499314429168965,33.49576860167977,23.285176730149495
25,71,40,6.562354115921182,35.12454384134661,22.0529586299151
35,88,38,5.24501229246573,20.038548737833928,28.75979100217129
0,45,191,7.55232160019775,25.75051861883658,34.600628348510725
7,32,266,7.129431275580062,49.57048752534878,12.526204151483316
112,0,146,7.473219922136588,55.789411972706354,20.28969352411282
98,146,126,6.310681399888059,27.989704677264974,32.265962189570104
179,30,45,6.293186769109831,25.34861411045091,28.55569653268524
46,141,44,5.158617476363131,19.759858228594126,19.622189093024225
126,52,0,6.224807288353739,43.92455843252906,33.36114948844333
55,47,167,8.252509407917207,26.154985083316863,6.717100805504281
13,68,107,6.327292880131571,59.387476954959425,32.92995859137752
27,104,18,7.909786971776895,26.28424010319766,6.515221771484196
77,89,71,7.94813926662477,29.706802339131407,21.41914232344053
129,62,108,6.306344047327318,40.16670981060174,31.713228440032573
108,72,267,7.211960381386662,50.08421465956525,12.881628306839085
153,88,239,5.333800607955705,33.47593326728169,19.167454968354754
13,12,89,5.362875032569968,31.132801689447916,14.729866374109
186,72,102,5.170301822815997,59.78189167974041,33.56431751229054
55,76,249,7.033552826812883,10.524682056997221,29.709367842592727
114,67,7,6.491248421691339,54.75326444256229,26.270045339791388
6,97,152,6.918113248324841,17.457041296986873,22.628809598453262
2,124,173,6.823756166779358,49.29626381044567,29.617753679724444
110,101,157,6.225710468817556,40.8965779923149,16.76801124570641
150,131,214,7.371156951882155,27.092364274904604,18.426555653181858
106,101,176,7.654756583207368,53.69374777605092,26.900051632425843
17,18,174,5.051198906071865,10.645361399049598,15.732642898811427
37,81,145,5.725348049191074,21.334532603746183,6.917028261451215
114,140,160,7.4963255382916785,38.3446398124768,7.230038266582143
14,22,126,6.35317060421842,27.5771130024849,8.460884039171116
191,82,81,7.318693814295629,40.51887476591638,31.090439700309883
118,108,146,6.214369309070954,11.205509670433342,19.16679277268613
27,74,238,6.36764303315373,15.822946524085626,26.386471080342094
38,128,83,5.5553760579138975,16.35481201092196,16.7872800681468
184,87,112,5.90380856883156,19.46418229580047,12.761328422469035
16,53,224,7.118941151276555,32.96657204002714,15.415765026866358
85,88,242,6.516070889603082,47.60643497717856,28.825470359515506
125,142,142,7.710059390306083,55.27694189644505,23.756483750943147
43,64,40,7.9840473422841995,51.7686265142123,33.12919339873706
24,75,257,6.895762463758659,19.84439358878418,25.39114335730502
144,142,284,7.653935522196207,32.05752761153162,22.105448952640817
12,148,104,6.074165796180996,19.97057988792675,23.305880269575034
24,146,201,6.452399253900274,23.223590833359538,33.271143184052434
67,59,265,7.494721866758908,35.17734907559431,28.646027896001183
137,92,209,6.351741974859607,13.405451236176127,5.721237120993134
66,48,50,7.059767273056461,20.90871647966366,21.02419088407092
108,34,117,5.64880472678879,56.768908065355866,25.650152346396943
145,101,200,7.099199602396743,33.30581463292445,27.46095435317465
110,10,38,8.015297975294128,32.26932629889361,11.3942635794181
110,98,27,8.04023873938199,10.728357737563945,31.01532063354057
33,109,258,7.535205422153389,22.36998735291729,33.67529441525491
110,73,83,7.610136826766441,53.31462179910906,12.101459175346093
7,8,154,6.9527460580274525,18.231421412933436,31.478463725517372
